prompt,TP,FP,FN,acc,F1
##љshing crescent squire [unused0] codesjing,0.11627907,0.426356589,0.457364341,0.214285714,0.208333333
##љshing crescent squire [unused0] codesjing,0.11627907,0.426356589,0.457364341,0.214285714,0.208333333
##љshing crescent squire [unused0] codesjing,0.11627907,0.426356589,0.457364341,0.214285714,0.208333333
##љshing crescent squire [unused0] codesjing,0.11627907,0.426356589,0.457364341,0.214285714,0.208333333
##љshing crescent squire [unused0] codesjing,0.11627907,0.426356589,0.457364341,0.214285714,0.208333333
##љshing crescent squire [unused0] codesjing,0.11627907,0.426356589,0.457364341,0.214285714,0.208333333
##љshing crescent squire [unused0] codesjing,0.11627907,0.426356589,0.457364341,0.214285714,0.208333333
##љshing crescent squire [unused0] codesjing,0.11627907,0.426356589,0.457364341,0.214285714,0.208333333
##љshing crescent squire [unused0] codesjing,0.11627907,0.426356589,0.457364341,0.214285714,0.208333333
##љshing crescent squire [unused0] codesjing,0.11627907,0.426356589,0.457364341,0.214285714,0.208333333
##љshing crescent squire [unused0] codesjing,0.11627907,0.426356589,0.457364341,0.214285714,0.208333333
##љshing crescent squire [unused0] codesjing,0.11627907,0.426356589,0.457364341,0.214285714,0.208333333
##љshing crescent squire [unused0] codesjing,0.11627907,0.426356589,0.457364341,0.214285714,0.208333333
##љshing crescent squire [unused0] codesjing,0.11627907,0.426356589,0.457364341,0.214285714,0.208333333
##љshing crescent squire [unused0] codesjing,0.11627907,0.426356589,0.457364341,0.214285714,0.208333333
##љshing crescent squire [unused0] codesjing,0.11627907,0.426356589,0.457364341,0.214285714,0.208333333
##љshing crescent squire [unused0] codesjing,0.11627907,0.426356589,0.457364341,0.214285714,0.208333333
##љshing crescent squire [unused0] codesjing,0.11627907,0.426356589,0.457364341,0.214285714,0.208333333
##љshing crescent squire [unused0] codesjing,0.11627907,0.426356589,0.457364341,0.214285714,0.208333333
##љshing crescent squire [unused0] codesjing,0.11627907,0.426356589,0.457364341,0.214285714,0.208333333
##љshing crescent squire [unused0] codesjing,0.11627907,0.426356589,0.457364341,0.214285714,0.208333333
##љshing crescent squire [unused0] codesjing,0.11627907,0.426356589,0.457364341,0.214285714,0.208333333
##љshing crescent squire [unused0] codesjing,0.11627907,0.426356589,0.457364341,0.214285714,0.208333333
##љshing crescent squire [unused0] codesjing,0.11627907,0.426356589,0.457364341,0.214285714,0.208333333
##љshing crescent squire [unused0] codesjing,0.11627907,0.426356589,0.457364341,0.214285714,0.208333333
##љshing crescent squire [unused0] codesjing,0.11627907,0.426356589,0.457364341,0.214285714,0.208333333
##љshing crescent squire [unused0] codesjing,0.11627907,0.426356589,0.457364341,0.214285714,0.208333333
##љshing crescent squire [unused0] codesjing,0.11627907,0.426356589,0.457364341,0.214285714,0.208333333
##љshing crescent squire [unused0] codesjing,0.11627907,0.426356589,0.457364341,0.214285714,0.208333333
##љshing crescent squire [unused0] codesjing,0.11627907,0.426356589,0.457364341,0.214285714,0.208333333
##љshing crescent squire [unused0] codesjing,0.11627907,0.426356589,0.457364341,0.214285714,0.208333333
##љshing crescent squire [unused0] codesjing,0.11627907,0.426356589,0.457364341,0.214285714,0.208333333
##љshing crescent squire [unused0] codesjing,0.11627907,0.426356589,0.457364341,0.214285714,0.208333333
##љshing crescent squire [unused0] codesjing,0.11627907,0.426356589,0.457364341,0.214285714,0.208333333
##љshing crescent squire [unused0] codesjing,0.11627907,0.426356589,0.457364341,0.214285714,0.208333333
##љshing crescent squire [unused0] codesjing,0.11627907,0.426356589,0.457364341,0.214285714,0.208333333
##љshing crescent squire [unused0] codesjing,0.11627907,0.426356589,0.457364341,0.214285714,0.208333333
##љshing crescent squire [unused0] codesjing,0.11627907,0.426356589,0.457364341,0.214285714,0.208333333
##љshing crescent squire [unused0] codesjing,0.11627907,0.426356589,0.457364341,0.214285714,0.208333333
##љshing crescent squire [unused0] codesjing,0.11627907,0.426356589,0.457364341,0.214285714,0.208333333
##љshing crescent squire [unused0] codesjing,0.11627907,0.426356589,0.457364341,0.214285714,0.208333333
##љshing crescent squire [unused0] codesjing,0.11627907,0.426356589,0.457364341,0.214285714,0.208333333
##њshing crescent squire [unused0] codesjing,0.095890411,0.383561644,0.520547945,0.2,0.175
##њshing crescent squire codes florian,0.085526316,0.375,0.539473684,0.185714286,0.157575758
##љshing crescent squire [unused0] torejing,0.086092715,0.377483444,0.536423841,0.185714286,0.158536585
##њshing crescent squire [unused0] codes florian,0.055555556,0.268518519,0.675925926,0.171428571,0.105263158
##њshing crescent squire [unused0] heraldjing,0.074324324,0.398648649,0.527027027,0.157142857,0.13836478
##њshingrol defect codes florian,0.06,0.406666667,0.533333333,0.128571429,0.113207547
##њshing crescent defect codes florian,0.052631579,0.407894737,0.539473684,0.114285714,0.1
##њshing crescent squire [unused0] tore florian,0.053691275,0.416107383,0.530201342,0.114285714,0.101910828
##њ knot crescent defect codes florian,0.046357616,0.417218543,0.536423841,0.1,0.088607595
##ћ knot crescent defect codes florian,0.046666667,0.42,0.533333333,0.1,0.089171975
##њshing [unused0] crescent defect codes florian,0.046666667,0.42,0.533333333,0.1,0.089171975
knot bedside steiner guiding neighboring crowded,0.032846715,0.737226277,0.229927007,0.042654028,0.06360424
knot [unused0] bedside steiner guiding neighboring crowded,0.028571429,0.832653061,0.13877551,0.033175355,0.055555556
gettysburg defect,0.021126761,0.721830986,0.257042254,0.028436019,0.04137931
gettysburg squire,0.021126761,0.721830986,0.257042254,0.028436019,0.04137931
gettysburg squire,0.021126761,0.721830986,0.257042254,0.028436019,0.04137931
gettysburg squire,0.021126761,0.721830986,0.257042254,0.028436019,0.04137931
gettysburg squire,0.021126761,0.721830986,0.257042254,0.028436019,0.04137931
gettysburg squire,0.021126761,0.721830986,0.257042254,0.028436019,0.04137931
gettysburg squire,0.021126761,0.721830986,0.257042254,0.028436019,0.04137931
gettysburg squire,0.021126761,0.721830986,0.257042254,0.028436019,0.04137931
gettysburg squire,0.021126761,0.721830986,0.257042254,0.028436019,0.04137931
gettysburg squire,0.021126761,0.721830986,0.257042254,0.028436019,0.04137931
gettysburg squire,0.021126761,0.721830986,0.257042254,0.028436019,0.04137931
gettysburg squire,0.021126761,0.721830986,0.257042254,0.028436019,0.04137931
gettysburg squire,0.021126761,0.721830986,0.257042254,0.028436019,0.04137931
gettysburg squire,0.021126761,0.721830986,0.257042254,0.028436019,0.04137931
gettysburg squire,0.021126761,0.721830986,0.257042254,0.028436019,0.04137931
gettysburg squire,0.021126761,0.721830986,0.257042254,0.028436019,0.04137931
gettysburg squire,0.021126761,0.721830986,0.257042254,0.028436019,0.04137931
gettysburg squire,0.021126761,0.721830986,0.257042254,0.028436019,0.04137931
gettysburg squire,0.021126761,0.721830986,0.257042254,0.028436019,0.04137931
gettysburg squire,0.021126761,0.721830986,0.257042254,0.028436019,0.04137931
gettysburg squire,0.021126761,0.721830986,0.257042254,0.028436019,0.04137931
gettysburg squire,0.021126761,0.721830986,0.257042254,0.028436019,0.04137931
gettysburg squire,0.021126761,0.721830986,0.257042254,0.028436019,0.04137931
gettysburg squire,0.021126761,0.721830986,0.257042254,0.028436019,0.04137931
gettysburg squire,0.021126761,0.721830986,0.257042254,0.028436019,0.04137931
gettysburg squire,0.021126761,0.721830986,0.257042254,0.028436019,0.04137931
gettysburg squire,0.021126761,0.721830986,0.257042254,0.028436019,0.04137931
gettysburg squire,0.021126761,0.721830986,0.257042254,0.028436019,0.04137931
gettysburg squire,0.021126761,0.721830986,0.257042254,0.028436019,0.04137931
gettysburg squire,0.021126761,0.721830986,0.257042254,0.028436019,0.04137931
gettysburg squire,0.021126761,0.721830986,0.257042254,0.028436019,0.04137931
gettysburg squire,0.021126761,0.721830986,0.257042254,0.028436019,0.04137931
gettysburg squire,0.021126761,0.721830986,0.257042254,0.028436019,0.04137931
gettysburg squire,0.021126761,0.721830986,0.257042254,0.028436019,0.04137931
gettysburg squire,0.021126761,0.721830986,0.257042254,0.028436019,0.04137931
gettysburg squire,0.021126761,0.721830986,0.257042254,0.028436019,0.04137931
gettysburg squire,0.021126761,0.721830986,0.257042254,0.028436019,0.04137931
gettysburg squire,0.021126761,0.721830986,0.257042254,0.028436019,0.04137931
gettysburg squire,0.021126761,0.721830986,0.257042254,0.028436019,0.04137931
gettysburg squire,0.021126761,0.721830986,0.257042254,0.028436019,0.04137931
gettysburg squire,0.021126761,0.721830986,0.257042254,0.028436019,0.04137931
gettysburg squire,0.021126761,0.721830986,0.257042254,0.028436019,0.04137931
gettysburg squire,0.021126761,0.721830986,0.257042254,0.028436019,0.04137931
gettysburg squire,0.021126761,0.721830986,0.257042254,0.028436019,0.04137931
gettysburg squire,0.021126761,0.721830986,0.257042254,0.028436019,0.04137931
raafkan mw,0.020979021,0.716783217,0.262237762,0.028436019,0.04109589
raafkan mw,0.020979021,0.716783217,0.262237762,0.028436019,0.04109589
raafkan mw,0.020979021,0.716783217,0.262237762,0.028436019,0.04109589
raafkan mw,0.020979021,0.716783217,0.262237762,0.028436019,0.04109589
raafkan mw,0.020979021,0.716783217,0.262237762,0.028436019,0.04109589
raafkan mw,0.020979021,0.716783217,0.262237762,0.028436019,0.04109589
raafkan mw,0.020979021,0.716783217,0.262237762,0.028436019,0.04109589
raafkan mw,0.020979021,0.716783217,0.262237762,0.028436019,0.04109589
raafkan mw,0.020979021,0.716783217,0.262237762,0.028436019,0.04109589
raafkan mw,0.020979021,0.716783217,0.262237762,0.028436019,0.04109589
raafkan mw,0.020979021,0.716783217,0.262237762,0.028436019,0.04109589
raafkan mw,0.020979021,0.716783217,0.262237762,0.028436019,0.04109589
raafkan mw,0.020979021,0.716783217,0.262237762,0.028436019,0.04109589
raafkan mw,0.020979021,0.716783217,0.262237762,0.028436019,0.04109589
raafkan mw,0.020979021,0.716783217,0.262237762,0.028436019,0.04109589
raafkan mw,0.020979021,0.716783217,0.262237762,0.028436019,0.04109589
raafkan mw,0.020979021,0.716783217,0.262237762,0.028436019,0.04109589
raafkan mw,0.020979021,0.716783217,0.262237762,0.028436019,0.04109589
raafkan mw,0.020979021,0.716783217,0.262237762,0.028436019,0.04109589
raafkan mw,0.020979021,0.716783217,0.262237762,0.028436019,0.04109589
raafkan mw,0.020979021,0.716783217,0.262237762,0.028436019,0.04109589
raafkan mw,0.020979021,0.716783217,0.262237762,0.028436019,0.04109589
raafkan mw,0.020979021,0.716783217,0.262237762,0.028436019,0.04109589
raafkan mw,0.020979021,0.716783217,0.262237762,0.028436019,0.04109589
raafkan mw,0.020979021,0.716783217,0.262237762,0.028436019,0.04109589
raafkan mw,0.020979021,0.716783217,0.262237762,0.028436019,0.04109589
raafkan mw,0.020979021,0.716783217,0.262237762,0.028436019,0.04109589
raafkan mw,0.020979021,0.716783217,0.262237762,0.028436019,0.04109589
raafkan mw,0.020979021,0.716783217,0.262237762,0.028436019,0.04109589
raafkan mw,0.020979021,0.716783217,0.262237762,0.028436019,0.04109589
raafkan mw,0.020979021,0.716783217,0.262237762,0.028436019,0.04109589
raafkan mw,0.020979021,0.716783217,0.262237762,0.028436019,0.04109589
raafkan mw,0.020979021,0.716783217,0.262237762,0.028436019,0.04109589
raafkan mw,0.020979021,0.716783217,0.262237762,0.028436019,0.04109589
raafkan mw,0.020979021,0.716783217,0.262237762,0.028436019,0.04109589
raafkan mw,0.020979021,0.716783217,0.262237762,0.028436019,0.04109589
raafkan mw,0.020979021,0.716783217,0.262237762,0.028436019,0.04109589
raafkan mw,0.020979021,0.716783217,0.262237762,0.028436019,0.04109589
raafkan mw,0.020979021,0.716783217,0.262237762,0.028436019,0.04109589
raafkan mw,0.020979021,0.716783217,0.262237762,0.028436019,0.04109589
raafkan mw,0.020979021,0.716783217,0.262237762,0.028436019,0.04109589
raafkan mw,0.020979021,0.716783217,0.262237762,0.028436019,0.04109589
raafkan mw,0.020979021,0.716783217,0.262237762,0.028436019,0.04109589
defect,0.017421603,0.717770035,0.264808362,0.023696682,0.034246575
defect,0.017421603,0.717770035,0.264808362,0.023696682,0.034246575
defect,0.017421603,0.717770035,0.264808362,0.023696682,0.034246575
defect,0.017421603,0.717770035,0.264808362,0.023696682,0.034246575
defect,0.017421603,0.717770035,0.264808362,0.023696682,0.034246575
defect,0.017421603,0.717770035,0.264808362,0.023696682,0.034246575
krakow defect,0.017482517,0.72027972,0.262237762,0.023696682,0.034364261
indicators,0.017301038,0.712802768,0.269896194,0.023696682,0.034013605
indicators,0.017301038,0.712802768,0.269896194,0.023696682,0.034013605
indicators,0.017301038,0.712802768,0.269896194,0.023696682,0.034013605
cypressphs larvae21 defect nikita flashlight,0.014388489,0.744604317,0.241007194,0.018957346,0.028368794
cypressphs larvae21 squire nikita flashlight,0.013559322,0.701694915,0.284745763,0.018957346,0.026755853
cypressphs larvae21 defectega flashlight,0.013986014,0.723776224,0.262237762,0.018957346,0.027586207
cypressphs larvae21 defectega [unused0] flashlight,0.014285714,0.739285714,0.246428571,0.018957346,0.028169014
cypressphs larvae21 defectega [unused0] flashlight,0.014285714,0.739285714,0.246428571,0.018957346,0.028169014
cypressphs larvae21 defectega [unused0] flashlight,0.014285714,0.739285714,0.246428571,0.018957346,0.028169014
cypressphs larvae21 defectega [unused0] flashlight,0.014285714,0.739285714,0.246428571,0.018957346,0.028169014
cypressphs larvae21 defectega [unused0] flashlight,0.014285714,0.739285714,0.246428571,0.018957346,0.028169014
cypressphs larvae21 defectega [unused0] flashlight,0.014285714,0.739285714,0.246428571,0.018957346,0.028169014
cypressphs larvae21 defectega [unused0] flashlight,0.014285714,0.739285714,0.246428571,0.018957346,0.028169014
cypressphs larvae21 defectega [unused0] flashlight,0.014285714,0.739285714,0.246428571,0.018957346,0.028169014
cypressphs larvae21 defectega [unused0] flashlight,0.014285714,0.739285714,0.246428571,0.018957346,0.028169014
cypressphs larvae21 defectega [unused0] flashlight,0.014285714,0.739285714,0.246428571,0.018957346,0.028169014
cypressphs larvae21 defectega [unused0] flashlight,0.014285714,0.739285714,0.246428571,0.018957346,0.028169014
cypressphs larvae21 defectega [unused0] flashlight,0.014285714,0.739285714,0.246428571,0.018957346,0.028169014
cypressphs larvae21 defectega [unused0] flashlight,0.014285714,0.739285714,0.246428571,0.018957346,0.028169014
cypressphs larvae21 defectega [unused0] flashlight,0.014285714,0.739285714,0.246428571,0.018957346,0.028169014
cypressphs larvae21 defectega [unused0] flashlight,0.014285714,0.739285714,0.246428571,0.018957346,0.028169014
cypressphs larvae21 defectega [unused0] flashlight,0.014285714,0.739285714,0.246428571,0.018957346,0.028169014
cypressphs larvae21 defectega [unused0] flashlight,0.014285714,0.739285714,0.246428571,0.018957346,0.028169014
cypressphs larvae21 defectega [unused0] flashlight,0.014285714,0.739285714,0.246428571,0.018957346,0.028169014
cypressphs larvae21 defectega [unused0] flashlight,0.014285714,0.739285714,0.246428571,0.018957346,0.028169014
cypressphs larvae21 defectega [unused0] flashlight,0.014285714,0.739285714,0.246428571,0.018957346,0.028169014
cypressphs larvae21 defectega [unused0] flashlight,0.014285714,0.739285714,0.246428571,0.018957346,0.028169014
cypressphs larvae21 defectega [unused0] flashlight,0.014285714,0.739285714,0.246428571,0.018957346,0.028169014
cypressphs larvae21 defectega [unused0] flashlight,0.014285714,0.739285714,0.246428571,0.018957346,0.028169014
cypressphs larvae21 defectega [unused0] flashlight,0.014285714,0.739285714,0.246428571,0.018957346,0.028169014
cypressphs larvae21 defectega [unused0] flashlight,0.014285714,0.739285714,0.246428571,0.018957346,0.028169014
cypressphs larvae21 defectega [unused0] flashlight,0.014285714,0.739285714,0.246428571,0.018957346,0.028169014
cypressphs larvae21 defectega [unused0] flashlight,0.014285714,0.739285714,0.246428571,0.018957346,0.028169014
cypressphs larvae21 defectega [unused0] flashlight,0.014285714,0.739285714,0.246428571,0.018957346,0.028169014
cypressphs larvae21 defectega [unused0] flashlight,0.014285714,0.739285714,0.246428571,0.018957346,0.028169014
cypressphs larvae21 defectega [unused0] flashlight,0.014285714,0.739285714,0.246428571,0.018957346,0.028169014
cypressphs larvae21 defectega [unused0] flashlight,0.014285714,0.739285714,0.246428571,0.018957346,0.028169014
cypressphs larvae21 defectega [unused0] flashlight,0.014285714,0.739285714,0.246428571,0.018957346,0.028169014
cypressphs larvae21 defectega [unused0] flashlight,0.014285714,0.739285714,0.246428571,0.018957346,0.028169014
cypressphs larvae21 defectega [unused0] flashlight,0.014285714,0.739285714,0.246428571,0.018957346,0.028169014
cypressphs larvae21 defectega [unused0] flashlight,0.014285714,0.739285714,0.246428571,0.018957346,0.028169014
cypressphs larvae21 defectega [unused0] flashlight,0.014285714,0.739285714,0.246428571,0.018957346,0.028169014
cypressphs larvae21 defectega [unused0] flashlight,0.014285714,0.739285714,0.246428571,0.018957346,0.028169014
cypressphs larvae21 defectega [unused0] flashlight,0.014285714,0.739285714,0.246428571,0.018957346,0.028169014
cypressphs larvae21 defectega [unused0] flashlight,0.014285714,0.739285714,0.246428571,0.018957346,0.028169014
cypressphs larvae21 defectega [unused0] flashlight,0.014285714,0.739285714,0.246428571,0.018957346,0.028169014
cypressphs larvae21 defectega [unused0] flashlight,0.014285714,0.739285714,0.246428571,0.018957346,0.028169014
squire,0.01048951,0.727272727,0.262237762,0.014218009,0.020761246
knot [unused0] bedside squire guiding neighboring crowded,0.012711864,0.881355932,0.105932203,0.014218009,0.025104603
knot [unused0] bedside squire guiding neighboring crowded,0.012711864,0.881355932,0.105932203,0.014218009,0.025104603
knot [unused0] bedside squire guiding neighboring crowded,0.012711864,0.881355932,0.105932203,0.014218009,0.025104603
knot [unused0] bedside squire guiding neighboring detection,0.012765957,0.885106383,0.10212766,0.014218009,0.025210084
knot [unused0] bedside squire guiding neighboring crowded,0.012711864,0.881355932,0.105932203,0.014218009,0.025104603
knot [unused0] bedside squire guiding neighboring crowded,0.012711864,0.881355932,0.105932203,0.014218009,0.025104603
knot [unused0] bedside squire guiding neighboring crowded,0.012711864,0.881355932,0.105932203,0.014218009,0.025104603
knot [unused0] bedside squire guiding neighboring crowded,0.012711864,0.881355932,0.105932203,0.014218009,0.025104603
knot [unused0] bedside squire guiding neighboring crowded,0.012711864,0.881355932,0.105932203,0.014218009,0.025104603
knot [unused0] bedside squire guiding neighboring crowded,0.012711864,0.881355932,0.105932203,0.014218009,0.025104603
knot [unused0] bedside squire guiding neighboring crowded,0.012711864,0.881355932,0.105932203,0.014218009,0.025104603
knot [unused0] bedside squire guiding neighboring crowded,0.012711864,0.881355932,0.105932203,0.014218009,0.025104603
knot [unused0] bedside squire guiding neighboring crowded,0.012711864,0.881355932,0.105932203,0.014218009,0.025104603
knot [unused0] bedside squire guiding neighboring crowded,0.012711864,0.881355932,0.105932203,0.014218009,0.025104603
knot [unused0] bedside squire guiding neighboring crowded,0.012711864,0.881355932,0.105932203,0.014218009,0.025104603
knot [unused0] bedside squire guiding neighboring crowded,0.012711864,0.881355932,0.105932203,0.014218009,0.025104603
knot [unused0] bedside squire guiding neighboring crowded,0.012711864,0.881355932,0.105932203,0.014218009,0.025104603
knot [unused0] bedside squire guiding neighboring crowded,0.012711864,0.881355932,0.105932203,0.014218009,0.025104603
knot [unused0] bedside squire guiding neighboring crowded,0.012711864,0.881355932,0.105932203,0.014218009,0.025104603
knot [unused0] bedside squire guiding neighboring crowded,0.012711864,0.881355932,0.105932203,0.014218009,0.025104603
knot [unused0] bedside squire guiding neighboring crowded,0.012711864,0.881355932,0.105932203,0.014218009,0.025104603
knot [unused0] bedside squire guiding neighboring crowded,0.012711864,0.881355932,0.105932203,0.014218009,0.025104603
knot [unused0] bedside squire guiding neighboring crowded,0.012711864,0.881355932,0.105932203,0.014218009,0.025104603
knot [unused0] bedside squire guiding neighboring crowded,0.012711864,0.881355932,0.105932203,0.014218009,0.025104603
knot [unused0] bedside squire guiding neighboring crowded,0.012711864,0.881355932,0.105932203,0.014218009,0.025104603
knot [unused0] bedside squire guiding neighboring crowded,0.012711864,0.881355932,0.105932203,0.014218009,0.025104603
knot [unused0] bedside squire guiding neighboring crowded,0.012711864,0.881355932,0.105932203,0.014218009,0.025104603
knot [unused0] bedside squire guiding neighboring crowded,0.012711864,0.881355932,0.105932203,0.014218009,0.025104603
knot [unused0] bedside squire guiding neighboring crowded,0.012711864,0.881355932,0.105932203,0.014218009,0.025104603
knot [unused0] bedside squire guiding neighboring crowded,0.012711864,0.881355932,0.105932203,0.014218009,0.025104603
knot [unused0] bedside squire guiding neighboring crowded,0.012711864,0.881355932,0.105932203,0.014218009,0.025104603
knot [unused0] bedside squire guiding neighboring crowded,0.012711864,0.881355932,0.105932203,0.014218009,0.025104603
knot [unused0] bedside squire guiding neighboring crowded,0.012711864,0.881355932,0.105932203,0.014218009,0.025104603
knot [unused0] bedside squire guiding neighboring crowded,0.012711864,0.881355932,0.105932203,0.014218009,0.025104603
knot [unused0] bedside squire guiding neighboring crowded,0.012711864,0.881355932,0.105932203,0.014218009,0.025104603
knot [unused0] bedside squire guiding neighboring crowded,0.012711864,0.881355932,0.105932203,0.014218009,0.025104603
knot [unused0] bedside squire guiding neighboring crowded,0.012711864,0.881355932,0.105932203,0.014218009,0.025104603
knot [unused0] bedside squire guiding neighboring crowded,0.012711864,0.881355932,0.105932203,0.014218009,0.025104603
knot [unused0] bedside squire guiding neighboring crowded,0.012711864,0.881355932,0.105932203,0.014218009,0.025104603
knot [unused0] bedside squire guiding neighboring crowded,0.012711864,0.881355932,0.105932203,0.014218009,0.025104603
knot [unused0] bedside squire guiding neighboring crowded,0.012711864,0.881355932,0.105932203,0.014218009,0.025104603
knot [unused0] bedside squire guiding neighboring crowded,0.012711864,0.881355932,0.105932203,0.014218009,0.025104603
silenced overs defect heels member,0.01056338,0.732394366,0.257042254,0.014218009,0.020905923
silenced temporal defect heels member,0.010526316,0.729824561,0.259649123,0.014218009,0.020833333
silenced temporal squire heels member,0.01048951,0.727272727,0.262237762,0.014218009,0.020761246
silenced temporal squire heels show,0.010638298,0.737588652,0.25177305,0.014218009,0.021052632
silenced temporal squire heels member,0.01048951,0.727272727,0.262237762,0.014218009,0.020761246
silenced temporal squire heels member,0.01048951,0.727272727,0.262237762,0.014218009,0.020761246
silenced temporal squire heels member,0.01048951,0.727272727,0.262237762,0.014218009,0.020761246
silenced temporal squire heels member,0.01048951,0.727272727,0.262237762,0.014218009,0.020761246
silenced temporal squire heels member,0.01048951,0.727272727,0.262237762,0.014218009,0.020761246
silenced temporal squire heels member,0.01048951,0.727272727,0.262237762,0.014218009,0.020761246
silenced temporal squire heels member,0.01048951,0.727272727,0.262237762,0.014218009,0.020761246
silenced temporal squire heels member,0.01048951,0.727272727,0.262237762,0.014218009,0.020761246
silenced temporal squire heels member,0.01048951,0.727272727,0.262237762,0.014218009,0.020761246
silenced temporal squire heels member,0.01048951,0.727272727,0.262237762,0.014218009,0.020761246
silenced temporal squire heels member,0.01048951,0.727272727,0.262237762,0.014218009,0.020761246
silenced temporal squire heels member,0.01048951,0.727272727,0.262237762,0.014218009,0.020761246
silenced temporal squire heels member,0.01048951,0.727272727,0.262237762,0.014218009,0.020761246
silenced temporal squire heels member,0.01048951,0.727272727,0.262237762,0.014218009,0.020761246
silenced temporal squire heels member,0.01048951,0.727272727,0.262237762,0.014218009,0.020761246
silenced temporal squire heels member,0.01048951,0.727272727,0.262237762,0.014218009,0.020761246
silenced temporal squire heels member,0.01048951,0.727272727,0.262237762,0.014218009,0.020761246
silenced temporal squire heels member,0.01048951,0.727272727,0.262237762,0.014218009,0.020761246
silenced temporal squire heels member,0.01048951,0.727272727,0.262237762,0.014218009,0.020761246
silenced temporal squire heels member,0.01048951,0.727272727,0.262237762,0.014218009,0.020761246
silenced temporal squire heels member,0.01048951,0.727272727,0.262237762,0.014218009,0.020761246
silenced temporal squire heels member,0.01048951,0.727272727,0.262237762,0.014218009,0.020761246
silenced temporal squire heels member,0.01048951,0.727272727,0.262237762,0.014218009,0.020761246
silenced temporal squire heels member,0.01048951,0.727272727,0.262237762,0.014218009,0.020761246
silenced temporal squire heels member,0.01048951,0.727272727,0.262237762,0.014218009,0.020761246
silenced temporal squire heels member,0.01048951,0.727272727,0.262237762,0.014218009,0.020761246
silenced temporal squire heels member,0.01048951,0.727272727,0.262237762,0.014218009,0.020761246
silenced temporal squire heels member,0.01048951,0.727272727,0.262237762,0.014218009,0.020761246
silenced temporal squire heels member,0.01048951,0.727272727,0.262237762,0.014218009,0.020761246
silenced temporal squire heels member,0.01048951,0.727272727,0.262237762,0.014218009,0.020761246
silenced temporal squire heels member,0.01048951,0.727272727,0.262237762,0.014218009,0.020761246
silenced temporal squire heels member,0.01048951,0.727272727,0.262237762,0.014218009,0.020761246
silenced temporal squire heels member,0.01048951,0.727272727,0.262237762,0.014218009,0.020761246
silenced temporal squire heels member,0.01048951,0.727272727,0.262237762,0.014218009,0.020761246
silenced temporal squire heels member,0.01048951,0.727272727,0.262237762,0.014218009,0.020761246
silenced temporal squire heels member,0.01048951,0.727272727,0.262237762,0.014218009,0.020761246
silenced temporal squire heels member,0.01048951,0.727272727,0.262237762,0.014218009,0.020761246
silenced temporal squire heels member,0.01048951,0.727272727,0.262237762,0.014218009,0.020761246
silenced temporal squire heels member,0.01048951,0.727272727,0.262237762,0.014218009,0.020761246
silenced temporal squire heels member,0.01048951,0.727272727,0.262237762,0.014218009,0.020761246
silenced temporal squire heels member,0.01048951,0.727272727,0.262237762,0.014218009,0.020761246
cypress angled larvae21 defect nikita flashlight,0.01048951,0.727272727,0.262237762,0.014218009,0.020761246
cypressphs garrett21 defect nikita flashlight,0.010638298,0.737588652,0.25177305,0.014218009,0.021052632
cypressphs larvae annoyance defect nikita flashlight,0.010714286,0.742857143,0.246428571,0.014218009,0.021201413
cypressphs larvae21 defectega [unused0] reliability,0.010600707,0.734982332,0.254416961,0.014218009,0.020979021
missesphs larvae21icationega [unused0] flashlight,0.010791367,0.748201439,0.241007194,0.014218009,0.021352313
raaf involve mw,0.010526316,0.729824561,0.259649123,0.014218009,0.020833333
ე dressericationrillধ,0.005882353,0.614705882,0.379411765,0.009478673,0.011695906
knot bedside defect unlimited crack crowded,0.005665722,0.592067989,0.402266289,0.009478673,0.011267606
knot [unused0] zachary squire guiding neighboring crowded,0.008695652,0.908695652,0.082608696,0.009478673,0.017241379
fluorescent angled larvae21 defect nikita flashlight,0.006389776,0.667731629,0.325878594,0.009478673,0.012698413
rumored involve mw,0.007092199,0.741134752,0.25177305,0.009478673,0.014084507
casper,0.007017544,0.733333333,0.259649123,0.009478673,0.013937282
casper,0.007017544,0.733333333,0.259649123,0.009478673,0.013937282
casper,0.007017544,0.733333333,0.259649123,0.009478673,0.013937282
casper,0.007017544,0.733333333,0.259649123,0.009478673,0.013937282
casper,0.007017544,0.733333333,0.259649123,0.009478673,0.013937282
casper,0.007017544,0.733333333,0.259649123,0.009478673,0.013937282
casper,0.007017544,0.733333333,0.259649123,0.009478673,0.013937282
ე oman defect hidalgoদ,0.003333333,0.7,0.296666667,0.004739336,0.006644518
ვ oman defect hidalgoদ,0.003115265,0.654205607,0.342679128,0.004739336,0.00621118
ე dresser [unused0] defect hidalgoদ,0.003144654,0.660377358,0.336477987,0.004739336,0.006269592
ე dresser [unused0] defect hidalgoদ,0.003144654,0.660377358,0.336477987,0.004739336,0.006269592
##js defect,0.003571429,0.75,0.246428571,0.004739336,0.007117438
[unused0] knot bedside defect unlimited crack crowded,0.002898551,0.608695652,0.388405797,0.004739336,0.005780347
##shing bedside defect unlimited crack crowded,0.002873563,0.603448276,0.393678161,0.004739336,0.005730659
knot [unused0] bedside squire guiding imprisoned crowded,0.004065041,0.853658537,0.142276423,0.004739336,0.008097166
knot [unused0] bedside squire guiding imprisoned10,0.003787879,0.795454545,0.200757576,0.004739336,0.00754717
silenced temporal squire artwork member,0.003533569,0.74204947,0.254416961,0.004739336,0.007042254
tells curls pan 174,0.003546099,0.744680851,0.25177305,0.004739336,0.007067138
tells curls pan encore,0.003546099,0.744680851,0.25177305,0.004739336,0.007067138
tells curls pan 174 [unused0],0.003584229,0.752688172,0.243727599,0.004739336,0.007142857
tells curls pan 174 [unused0],0.003584229,0.752688172,0.243727599,0.004739336,0.007142857
tells curls pan 174,0.003546099,0.744680851,0.25177305,0.004739336,0.007067138
tells curls pan 174,0.003546099,0.744680851,0.25177305,0.004739336,0.007067138
tells curls pan 174,0.003546099,0.744680851,0.25177305,0.004739336,0.007067138
tells curls pan 174,0.003546099,0.744680851,0.25177305,0.004739336,0.007067138
tells curls pan 174,0.003546099,0.744680851,0.25177305,0.004739336,0.007067138
tells curls pan 174,0.003546099,0.744680851,0.25177305,0.004739336,0.007067138
tells curls pan 174,0.003546099,0.744680851,0.25177305,0.004739336,0.007067138
tells curls pan 174,0.003546099,0.744680851,0.25177305,0.004739336,0.007067138
tells curls pan 174,0.003546099,0.744680851,0.25177305,0.004739336,0.007067138
tells curls pan 174,0.003546099,0.744680851,0.25177305,0.004739336,0.007067138
tells curls pan 174,0.003546099,0.744680851,0.25177305,0.004739336,0.007067138
tells curls pan 174,0.003546099,0.744680851,0.25177305,0.004739336,0.007067138
tells curls pan 174,0.003546099,0.744680851,0.25177305,0.004739336,0.007067138
tells curls pan 174,0.003546099,0.744680851,0.25177305,0.004739336,0.007067138
tells curls pan 174,0.003546099,0.744680851,0.25177305,0.004739336,0.007067138
tells curls pan 174,0.003546099,0.744680851,0.25177305,0.004739336,0.007067138
tells curls pan 174,0.003546099,0.744680851,0.25177305,0.004739336,0.007067138
tells curls pan 174,0.003546099,0.744680851,0.25177305,0.004739336,0.007067138
tells curls pan 174,0.003546099,0.744680851,0.25177305,0.004739336,0.007067138
tells curls pan 174,0.003546099,0.744680851,0.25177305,0.004739336,0.007067138
tells curls pan 174,0.003546099,0.744680851,0.25177305,0.004739336,0.007067138
tells curls pan 174,0.003546099,0.744680851,0.25177305,0.004739336,0.007067138
tells curls pan 174,0.003546099,0.744680851,0.25177305,0.004739336,0.007067138
tells curls pan 174,0.003546099,0.744680851,0.25177305,0.004739336,0.007067138
tells curls pan 174,0.003546099,0.744680851,0.25177305,0.004739336,0.007067138
tells curls pan 174,0.003546099,0.744680851,0.25177305,0.004739336,0.007067138
tells curls pan 174,0.003546099,0.744680851,0.25177305,0.004739336,0.007067138
tells curls pan 174,0.003546099,0.744680851,0.25177305,0.004739336,0.007067138
tells curls pan 174,0.003546099,0.744680851,0.25177305,0.004739336,0.007067138
tells curls pan 174,0.003546099,0.744680851,0.25177305,0.004739336,0.007067138
tells curls pan 174,0.003546099,0.744680851,0.25177305,0.004739336,0.007067138
tells curls pan 174,0.003546099,0.744680851,0.25177305,0.004739336,0.007067138
tells curls pan 174,0.003546099,0.744680851,0.25177305,0.004739336,0.007067138
tells curls pan 174,0.003546099,0.744680851,0.25177305,0.004739336,0.007067138
tells curls pan 174,0.003546099,0.744680851,0.25177305,0.004739336,0.007067138
tells curls pan 174,0.003546099,0.744680851,0.25177305,0.004739336,0.007067138
tells curls pan 174,0.003546099,0.744680851,0.25177305,0.004739336,0.007067138
tells curls pan 174,0.003546099,0.744680851,0.25177305,0.004739336,0.007067138
tells curls pan 174,0.003546099,0.744680851,0.25177305,0.004739336,0.007067138
tells curls pan 174,0.003546099,0.744680851,0.25177305,0.004739336,0.007067138
raaf [unused0] involve mw,0.003571429,0.75,0.246428571,0.004739336,0.007117438
raafkan [unused0] mw,0.002967359,0.623145401,0.37388724,0.004739336,0.00591716
raafkan [unused0] mw,0.002967359,0.623145401,0.37388724,0.004739336,0.00591716
raafkan aesthetic,0.003521127,0.73943662,0.257042254,0.004739336,0.007017544
ე dresser defect hidalgoদ,0,0.745583039,0.254416961,0,0
ე dresser squire hidalgoদ,0,0.597733711,0.402266289,0,0
ე dresser defect boomingদ,0,0.597733711,0.402266289,0,0
ე dresser defect hidalgoধ,0,0.742957746,0.257042254,0,0
ე dresser defect hidalgoধ [unused0],0,0.745583039,0.254416961,0,0
ე dresser defect hidalgoধ,0,0.742957746,0.257042254,0,0
ე dresser defect hidalgoধ,0,0.742957746,0.257042254,0,0
ე dresser defect hidalgoধ,0,0.742957746,0.257042254,0,0
ე dresser defect hidalgoধ,0,0.742957746,0.257042254,0,0
ე dresser defect hidalgoধ,0,0.742957746,0.257042254,0,0
ე dresser defect hidalgoধ,0,0.742957746,0.257042254,0,0
ე dresser defect hidalgoধ,0,0.742957746,0.257042254,0,0
ე dresser defect hidalgoধ,0,0.742957746,0.257042254,0,0
ე dresser defect hidalgoধ,0,0.742957746,0.257042254,0,0
ე dresser defect hidalgoধ,0,0.742957746,0.257042254,0,0
ე dresser defect hidalgoধ,0,0.742957746,0.257042254,0,0
ე dresser defect hidalgoধ,0,0.742957746,0.257042254,0,0
ე dresser defect hidalgoধ,0,0.742957746,0.257042254,0,0
ე dresser defect hidalgoধ,0,0.742957746,0.257042254,0,0
ე dresser defect hidalgoধ,0,0.742957746,0.257042254,0,0
ე dresser defect hidalgoধ,0,0.742957746,0.257042254,0,0
ე dresser defect hidalgoধ,0,0.742957746,0.257042254,0,0
ე dresser defect hidalgoধ,0,0.742957746,0.257042254,0,0
ე dresser defect hidalgoধ,0,0.742957746,0.257042254,0,0
ე dresser defect hidalgoধ,0,0.742957746,0.257042254,0,0
ე dresser defect hidalgoধ,0,0.742957746,0.257042254,0,0
ე dresser defect hidalgoধ,0,0.742957746,0.257042254,0,0
ე dresser defect hidalgoধ,0,0.742957746,0.257042254,0,0
ე dresser defect hidalgoধ,0,0.742957746,0.257042254,0,0
ე dresser defect hidalgoধ,0,0.742957746,0.257042254,0,0
ე dresser defect hidalgoধ,0,0.742957746,0.257042254,0,0
[unused0] gettysburg defect,0,0.753571429,0.246428571,0,0
[unused0] gettysburg defect,0,0.753571429,0.246428571,0,0
[unused0] gettysburg defect,0,0.753571429,0.246428571,0,0
gettysburg squire [unused0],0,0.753571429,0.246428571,0,0
gettysburg squire [unused0],0,0.753571429,0.246428571,0,0
gettysburg squire [unused0],0,0.753571429,0.246428571,0,0
##nikov squire,0,0.758992806,0.241007194,0,0
##js squire,0,0.74822695,0.25177305,0,0
##nikov squire,0,0.758992806,0.241007194,0,0
##js squire,0,0.74822695,0.25177305,0,0
##nikov squire,0,0.758992806,0.241007194,0,0
,0,0.753571429,0.246428571,0,0
[unused0],0,0.772893773,0.227106227,0,0
[unused0] [unused0],0,0.761732852,0.238267148,0,0
[unused0] [unused0],0,0.761732852,0.238267148,0,0
[unused0] [unused0],0,0.761732852,0.238267148,0,0
[unused0] [unused0],0,0.761732852,0.238267148,0,0
[unused0] [unused0],0,0.761732852,0.238267148,0,0
[unused0] [unused0],0,0.761732852,0.238267148,0,0
[unused0] [unused0],0,0.761732852,0.238267148,0,0
[unused1],0,0.753571429,0.246428571,0,0
[unused1],0,0.753571429,0.246428571,0,0
[unused0],0,0.772893773,0.227106227,0,0
[unused0],0,0.772893773,0.227106227,0,0
[unused0],0,0.772893773,0.227106227,0,0
[unused0],0,0.772893773,0.227106227,0,0
[unused0],0,0.772893773,0.227106227,0,0
[unused0],0,0.772893773,0.227106227,0,0
[unused0],0,0.772893773,0.227106227,0,0
[unused0],0,0.772893773,0.227106227,0,0
[unused0],0,0.772893773,0.227106227,0,0
[unused0],0,0.772893773,0.227106227,0,0
[unused0],0,0.772893773,0.227106227,0,0
[unused0],0,0.772893773,0.227106227,0,0
[unused0],0,0.772893773,0.227106227,0,0
[unused0],0,0.772893773,0.227106227,0,0
[unused0],0,0.772893773,0.227106227,0,0
[unused0],0,0.772893773,0.227106227,0,0
[unused0],0,0.772893773,0.227106227,0,0
[unused0],0,0.772893773,0.227106227,0,0
[unused0],0,0.772893773,0.227106227,0,0
[unused0],0,0.772893773,0.227106227,0,0
[unused0],0,0.772893773,0.227106227,0,0
[unused0],0,0.772893773,0.227106227,0,0
[unused0],0,0.772893773,0.227106227,0,0
[unused0],0,0.772893773,0.227106227,0,0
[unused0],0,0.772893773,0.227106227,0,0
[unused0],0,0.772893773,0.227106227,0,0
[unused0],0,0.772893773,0.227106227,0,0
[unused0],0,0.772893773,0.227106227,0,0
[unused0],0,0.772893773,0.227106227,0,0
[unused0],0,0.772893773,0.227106227,0,0
[unused0],0,0.772893773,0.227106227,0,0
[unused0],0,0.772893773,0.227106227,0,0
[unused0],0,0.772893773,0.227106227,0,0
[unused0],0,0.772893773,0.227106227,0,0
[unused0],0,0.772893773,0.227106227,0,0
[unused0],0,0.772893773,0.227106227,0,0
[unused0],0,0.772893773,0.227106227,0,0
[unused0],0,0.772893773,0.227106227,0,0
[unused0],0,0.772893773,0.227106227,0,0
[unused0],0,0.772893773,0.227106227,0,0
[unused0],0,0.772893773,0.227106227,0,0
[unused0],0,0.772893773,0.227106227,0,0
[unused0],0,0.772893773,0.227106227,0,0
[unused0],0,0.772893773,0.227106227,0,0
[unused0],0,0.772893773,0.227106227,0,0
##ication,0,0.74822695,0.25177305,0,0
knot [unused0] bedside defect unlimited crack crowded,0,0.647239264,0.352760736,0,0
knot [unused0] morphology defect unlimited crack crowded,0,0.61516035,0.38483965,0,0
knot [unused0] bedside squire unlimited crack crowded,0,0.703333333,0.296666667,0,0
knot [unused0] bedside squire guiding crack crowded,0,0.802281369,0.197718631,0,0
knot [unused0] bedside squire guiding airline detection,0,0.732638889,0.267361111,0,0
knot [unused0] bedside squire impacts neighboring crowded,0,0.937777778,0.062222222,0,0
[unused0] silenced overs defect heels member,0,0.770072993,0.229927007,0,0
[unused0] silenced overs defect heels member,0,0.770072993,0.229927007,0,0
##fed overs defect heels member,0,0.767272727,0.232727273,0,0
silenced temporal squire heels college,0,0.74822695,0.25177305,0,0
silenced temporal squire heels member [unused0],0,0.74822695,0.25177305,0,0
##cel bonds sumner defect sabres,0,0.742957746,0.257042254,0,0
##enter bonds sumner defect sabres,0,0.742957746,0.257042254,0,0
##cel darling sumner defect sabres,0,0.613372093,0.386627907,0,0
##cel bonds [unused0] sumner defect sabres,0,0.740350877,0.259649123,0,0
##cel bonds [unused0] bk defect sabres,0,0.742957746,0.257042254,0,0
##cel bonds [unused0] sumner squire sabres,0,0.700996678,0.299003322,0,0
##cel bonds [unused0] sumner defect virginity,0,0.678456592,0.321543408,0,0
##cel bonds [unused0] sumner defect sabres [unused0],0,0.740350877,0.259649123,0,0
##cel bonds [unused0] sumner defect sabres [unused0] [unused0],0,0.742957746,0.257042254,0,0
##cel triangle [unused0] sumner defect sabres [unused0] [unused0],0,0.758992806,0.241007194,0,0
##cel bonds [unused0] sumnerication nostalgia [unused0] [unused0],0,0.742957746,0.257042254,0,0
atv triangle [unused0] sumner defect sabres [unused0] [unused0],0,0.74822695,0.25177305,0,0
##enter triangle [unused0] sumnerication sabres [unused0] [unused0],0,0.72260274,0.27739726,0,0
##cel triangle [unused0] sumner defect nostalgia [unused0] [unused0],0,0.756272401,0.243727599,0,0
##cel triangle [unused0] sumner defect sabres [unused0] [unused0],0,0.758992806,0.241007194,0,0
##cel triangle [unused0] sumner defect sabres [unused0] [unused0],0,0.758992806,0.241007194,0,0
##cel triangle [unused0] sumner defect nostalgia [unused0] [unused0],0,0.756272401,0.243727599,0,0
##cel triangle [unused0] sumner defect sabres [unused0] [unused0],0,0.758992806,0.241007194,0,0
##cel triangle [unused0] sumner defect nostalgia [unused0] [unused0],0,0.756272401,0.243727599,0,0
##cel triangle [unused0] sumner defect sabres [unused0] [unused0],0,0.758992806,0.241007194,0,0
##cel bonds [unused0] sumner defect sabres [unused0] [unused0],0,0.742957746,0.257042254,0,0
##cel triangle [unused0] sumnerication nostalgia [unused0] [unused0],0,0.761732852,0.238267148,0,0
##cel triangle [unused0] sumnerication nostalgia [unused0] [unused0],0,0.761732852,0.238267148,0,0
##cel triangle [unused0] sumnerication nostalgia [unused0] [unused0],0,0.761732852,0.238267148,0,0
##cel triangle [unused0] sumnerication nostalgia [unused0] [unused0],0,0.761732852,0.238267148,0,0
##cel triangle [unused0] sumner defect nostalgia [unused0] [unused0],0,0.756272401,0.243727599,0,0
##cel triangle [unused0] sumnerication nostalgia [unused0] [unused0],0,0.761732852,0.238267148,0,0
##cel triangle [unused0] sumnerication nostalgia [unused0] [unused0],0,0.761732852,0.238267148,0,0
##cel triangle [unused0] sumnerication nostalgia [unused0] [unused0],0,0.761732852,0.238267148,0,0
##cel triangle [unused0] sumnerication nostalgia [unused0] [unused0],0,0.761732852,0.238267148,0,0
##cel triangle [unused0] sumnerication nostalgia [unused0] [unused0],0,0.761732852,0.238267148,0,0
##cel triangle [unused0] sumnerication nostalgia [unused0] [unused0],0,0.761732852,0.238267148,0,0
##cel triangle [unused0] sumnerication nostalgia [unused0] [unused0],0,0.761732852,0.238267148,0,0
[unused0] krakow defect,0,0.753571429,0.246428571,0,0
##lo curls markets 174,0,0.745583039,0.254416961,0,0
tells curls markets 174,0,0.742957746,0.257042254,0,0
tells obscure markets 174,0,0.745583039,0.254416961,0,0
tells curls [unused0] markets 174,0,0.742957746,0.257042254,0,0
tells curls [unused0] markets 174,0,0.742957746,0.257042254,0,0
tells curls nervous 174,0,0.75088968,0.24911032,0,0
raafkan mw [unused0],0,0.75088968,0.24911032,0,0
raafkan mw [unused0],0,0.75088968,0.24911032,0,0
##mori,0,0.74822695,0.25177305,0,0
##if,0,0.781481481,0.218518519,0,0
##if,0,0.781481481,0.218518519,0,0
##if,0,0.781481481,0.218518519,0,0
##if,0,0.781481481,0.218518519,0,0
##if,0,0.781481481,0.218518519,0,0
##if,0,0.781481481,0.218518519,0,0
##if,0,0.781481481,0.218518519,0,0
##if,0,0.781481481,0.218518519,0,0
,0,0.753571429,0.246428571,0,0
,0,0.753571429,0.246428571,0,0
,0,0.753571429,0.246428571,0,0
,0,0.753571429,0.246428571,0,0
,0,0.753571429,0.246428571,0,0
,0,0.753571429,0.246428571,0,0
,0,0.753571429,0.246428571,0,0
,0,0.753571429,0.246428571,0,0
,0,0.753571429,0.246428571,0,0
,0,0.753571429,0.246428571,0,0
,0,0.753571429,0.246428571,0,0
,0,0.753571429,0.246428571,0,0
,0,0.753571429,0.246428571,0,0
,0,0.753571429,0.246428571,0,0
,0,0.753571429,0.246428571,0,0
,0,0.753571429,0.246428571,0,0
,0,0.753571429,0.246428571,0,0
,0,0.753571429,0.246428571,0,0
,0,0.753571429,0.246428571,0,0
,0,0.753571429,0.246428571,0,0
,0,0.753571429,0.246428571,0,0
,0,0.753571429,0.246428571,0,0
,0,0.753571429,0.246428571,0,0
